dep_var,variable,coef,std_err,t_stat,p_value,ci_lower,ci_upper
Synchronicity,Treat_Post,-0.11831768209090968,0.09147263129986388,-1.2934763153695978,0.1958883024350213,-0.2976312059405865,0.060995841758767155
Synchronicity,Amihud,0.05186511288521346,0.06767147004086807,0.7664250954485125,0.44344879679792437,-0.08079106617819502,0.18452129194862193
Synchronicity,Turnover,-1.8406444446628772e-08,1.3211332348241992e-08,-1.393231504699682,0.163593257700009,-4.430457948930161e-08,7.49169059604407e-09
Idio_Vol,Treat_Post,-0.002298035191675196,0.0012958947426893622,-1.7733193260018156,0.07621851749598152,-0.004838373755765957,0.00024230337241556424
Idio_Vol,Amihud,1.5449212695201882e-05,0.000201488005714367,0.07667559485949235,0.9388837727027806,-0.0003795271185272796,0.0004104255439176834
Idio_Vol,Turnover,1.1982840434315806e-09,6.695585275503381e-10,1.789662881026472,0.0735505772101801,-1.142495230848415e-10,2.5108176099480027e-09
