variable,coef,std_err,t_stat,p_value,ci_lower,ci_upper
Treat_Post,-0.0006842319569923883,0.00027424971080364095,-2.494923166873598,0.012603855066740888,-0.0012217735298205247,-0.00014669038416425194
Amihud,0.0003101946122175467,0.0001652488725555786,1.877136027740329,0.060509296066238116,-1.3700492726435236e-05,0.0006340897171615286
Avg_Volume,4.798283303642123e-10,8.792378143034072e-11,5.457321359004165,4.872515146914225e-08,3.074938268179092e-10,6.521628339105153e-10
