variable,coef,std_err,t_stat,p_value,ci_lower,ci_upper
Treat_Post,-0.1148768142871854,0.08455878840295644,-1.3585437593990992,0.1743293641324195,-0.28063397559298864,0.050880347018617836
Amihud,-1.4124567658539997e-05,2.825795786609822e-05,-0.4998438926645012,0.6171986959857207,-6.951749568705547e-05,4.126836036997547e-05
Turnover,-7.287170452874161e-08,2.3589697917525637e-08,-3.089132585907452,0.0020142752566083555,-1.1911363202936976e-07,-2.662977702811346e-08
